{
    "student": {
        "name": "John Smith",
        "studentId": "234444",
        "login": "jsmith",
        "program": "cp",
        "homeCountry": "Australia",
        "profileImage": "images/myImage.gif"
    },
    "animals": [
        {
            "id": 11,
            "name": "Monkey",
            "classification": "Mammal"
        },
        {
            "id": 22,
            "name": "Dog",
            "classification": "Mammal"
        },
        {
            "id": 33,
            "name": "Pigeon",
            "classification": "Bird"
        },
        {
            "id": 44,
            "name": "Crow",
            "classification": "Bird"
        },
        {
            "id": 55,
            "name": "Crocodile",
            "classification": "Reptile"
        },
        {
            "id": 44,
            "name": "Cobra",
            "classification": "Reptile"
        }
    ]
}